survived,pclass,sex,age,sibsp,parch,fare,embarked,class,who,adult_male,deck,embark_town,alive,alone,fare_per_age
0,3,male,22.0,1,0,7.25,S,Third,man,True,C,Southampton,no,False,0.32954545454545453
1,1,female,38.0,1,0,71.2833,C,First,woman,False,C,Cherbourg,yes,False,1.8758763157894736
1,3,female,26.0,0,0,7.925,S,Third,woman,False,C,Southampton,yes,True,0.3048076923076923
1,1,female,35.0,1,0,53.1,S,First,woman,False,C,Southampton,yes,False,1.5171428571428571
0,3,male,35.0,0,0,8.05,S,Third,man,True,C,Southampton,no,True,0.23
0,3,male,28.0,0,0,8.4583,Q,Third,man,True,C,Queenstown,no,True,2.4542053009493117
0,1,male,54.0,0,0,51.8625,S,First,man,True,E,Southampton,no,True,0.9604166666666666
0,3,male,2.0,3,1,21.075,S,Third,child,False,C,Southampton,no,False,10.5375
1,3,female,27.0,0,2,11.1333,S,Third,woman,False,C,Southampton,yes,False,0.41234444444444446
1,2,female,14.0,1,0,30.0708,C,Second,child,False,C,Cherbourg,yes,False,2.1479142857142857
1,3,female,4.0,1,1,16.7,S,Third,child,False,G,Southampton,yes,False,4.175
1,1,female,58.0,0,0,26.55,S,First,woman,False,C,Southampton,yes,True,0.45775862068965517
0,3,male,20.0,0,0,8.05,S,Third,man,True,C,Southampton,no,True,0.4025
0,3,male,39.0,1,5,31.275,S,Third,man,True,C,Southampton,no,False,0.8019230769230768
0,3,female,14.0,0,0,7.8542,S,Third,child,False,C,Southampton,no,True,0.5610142857142857
1,2,female,55.0,0,0,16.0,S,Second,woman,False,C,Southampton,yes,True,0.2909090909090909
0,3,male,2.0,4,1,29.125,Q,Third,child,False,C,Queenstown,no,False,14.5625
1,2,male,28.0,0,0,13.0,S,Second,man,True,C,Southampton,yes,True,2.4542053009493117
0,3,female,31.0,1,0,18.0,S,Third,woman,False,C,Southampton,no,False,0.5806451612903226
1,3,female,28.0,0,0,7.225,C,Third,woman,False,C,Cherbourg,yes,True,2.4542053009493117
0,2,male,35.0,0,0,26.0,S,Second,man,True,C,Southampton,no,True,0.7428571428571429
1,2,male,34.0,0,0,13.0,S,Second,man,True,D,Southampton,yes,True,0.38235294117647056
1,3,female,15.0,0,0,8.0292,Q,Third,child,False,C,Queenstown,yes,True,0.53528
1,1,male,28.0,0,0,35.5,S,First,man,True,A,Southampton,yes,True,1.2678571428571428
0,3,female,8.0,3,1,21.075,S,Third,child,False,C,Southampton,no,False,2.634375
1,3,female,38.0,1,5,31.3875,S,Third,woman,False,C,Southampton,yes,False,0.8259868421052632
0,3,male,28.0,0,0,7.225,C,Third,man,True,C,Cherbourg,no,True,2.4542053009493117
0,1,male,19.0,3,2,263.0,S,First,man,True,C,Southampton,no,False,13.842105263157896
1,3,female,28.0,0,0,7.8792,Q,Third,woman,False,C,Queenstown,yes,True,2.4542053009493117
0,3,male,28.0,0,0,7.8958,S,Third,man,True,C,Southampton,no,True,2.4542053009493117
0,1,male,40.0,0,0,27.7208,C,First,man,True,C,Cherbourg,no,True,0.69302
1,1,female,28.0,1,0,146.5208,C,First,woman,False,B,Cherbourg,yes,False,2.4542053009493117
1,3,female,28.0,0,0,7.75,Q,Third,woman,False,C,Queenstown,yes,True,2.4542053009493117
0,2,male,66.0,0,0,10.5,S,Second,man,True,C,Southampton,no,True,0.1590909090909091
0,1,male,28.0,1,0,82.1708,C,First,man,True,C,Cherbourg,no,False,2.9346714285714284
0,1,male,42.0,1,0,52.0,S,First,man,True,C,Southampton,no,False,1.2380952380952381
1,3,male,28.0,0,0,7.2292,C,Third,man,True,C,Cherbourg,yes,True,2.4542053009493117
0,3,male,21.0,0,0,8.05,S,Third,man,True,C,Southampton,no,True,0.38333333333333336
0,3,female,18.0,2,0,18.0,S,Third,woman,False,C,Southampton,no,False,1.0
1,3,female,14.0,1,0,11.2417,C,Third,child,False,C,Cherbourg,yes,False,0.8029785714285714
0,3,female,40.0,1,0,9.475,S,Third,woman,False,C,Southampton,no,False,0.236875
0,2,female,27.0,1,0,21.0,S,Second,woman,False,C,Southampton,no,False,0.7777777777777778
0,3,male,28.0,0,0,7.8958,C,Third,man,True,C,Cherbourg,no,True,2.4542053009493117
1,2,female,3.0,1,2,41.5792,C,Second,child,False,C,Cherbourg,yes,False,13.859733333333333
1,3,female,19.0,0,0,7.8792,Q,Third,woman,False,C,Queenstown,yes,True,0.4146947368421053
0,3,male,28.0,0,0,8.05,S,Third,man,True,C,Southampton,no,True,2.4542053009493117
0,3,male,28.0,1,0,15.5,Q,Third,man,True,C,Queenstown,no,False,2.4542053009493117
0,3,male,28.0,2,0,21.6792,C,Third,man,True,C,Cherbourg,no,False,2.4542053009493117
0,3,female,18.0,1,0,17.8,S,Third,woman,False,C,Southampton,no,False,0.9888888888888889
0,3,male,7.0,4,1,39.6875,S,Third,child,False,C,Southampton,no,False,5.669642857142857
0,3,male,21.0,0,0,7.8,S,Third,man,True,C,Southampton,no,True,0.37142857142857144
1,1,female,49.0,1,0,76.7292,C,First,woman,False,D,Cherbourg,yes,False,1.5659020408163267
1,2,female,29.0,1,0,26.0,S,Second,woman,False,C,Southampton,yes,False,0.896551724137931
0,1,male,65.0,0,1,61.9792,C,First,man,True,B,Cherbourg,no,False,0.9535261538461538
1,1,male,28.0,0,0,35.5,S,First,man,True,C,Southampton,yes,True,2.4542053009493117
1,2,female,21.0,0,0,10.5,S,Second,woman,False,C,Southampton,yes,True,0.5
0,3,male,28.5,0,0,7.2292,C,Third,man,True,C,Cherbourg,no,True,0.2536561403508772
1,2,female,5.0,1,2,27.75,S,Second,child,False,C,Southampton,yes,False,5.55
0,3,male,11.0,5,2,46.9,S,Third,child,False,C,Southampton,no,False,4.263636363636364
0,3,male,22.0,0,0,7.2292,C,Third,man,True,C,Cherbourg,no,True,0.3286
1,1,female,38.0,0,0,80.0,S,First,woman,False,B,Southampton,yes,True,2.1052631578947367
0,1,male,45.0,1,0,83.475,S,First,man,True,C,Southampton,no,False,1.855
0,3,male,4.0,3,2,27.9,S,Third,child,False,C,Southampton,no,False,6.975
0,1,male,28.0,0,0,27.7208,C,First,man,True,C,Cherbourg,no,True,2.4542053009493117
1,3,male,28.0,1,1,15.2458,C,Third,man,True,C,Cherbourg,yes,False,2.4542053009493117
1,2,female,29.0,0,0,10.5,S,Second,woman,False,F,Southampton,yes,True,0.3620689655172414
0,3,male,19.0,0,0,8.1583,S,Third,man,True,C,Southampton,no,True,0.4293842105263158
1,3,female,17.0,4,2,7.925,S,Third,woman,False,C,Southampton,yes,False,0.4661764705882353
0,3,male,26.0,2,0,8.6625,S,Third,man,True,C,Southampton,no,False,0.3331730769230769
0,2,male,32.0,0,0,10.5,S,Second,man,True,C,Southampton,no,True,0.328125
0,3,female,16.0,5,2,46.9,S,Third,woman,False,C,Southampton,no,False,2.93125
0,2,male,21.0,0,0,73.5,S,Second,man,True,C,Southampton,no,True,3.5
0,3,male,26.0,1,0,14.4542,C,Third,man,True,C,Cherbourg,no,False,0.5559307692307692
1,3,male,32.0,0,0,56.4958,S,Third,man,True,C,Southampton,yes,True,1.76549375
0,3,male,25.0,0,0,7.65,S,Third,man,True,F,Southampton,no,True,0.306
1,2,male,0.83,0,2,29.0,S,Second,child,False,C,Southampton,yes,False,34.93975903614458
1,3,female,30.0,0,0,12.475,S,Third,woman,False,C,Southampton,yes,True,0.41583333333333333
0,3,male,22.0,0,0,9.0,S,Third,man,True,C,Southampton,no,True,0.4090909090909091
1,3,male,29.0,0,0,9.5,S,Third,man,True,C,Southampton,yes,True,0.3275862068965517
1,3,female,28.0,0,0,7.7875,Q,Third,woman,False,C,Queenstown,yes,True,2.4542053009493117
0,1,male,28.0,0,0,47.1,S,First,man,True,C,Southampton,no,True,1.6821428571428572
1,2,female,17.0,0,0,10.5,S,Second,woman,False,C,Southampton,yes,True,0.6176470588235294
1,3,female,33.0,3,0,15.85,S,Third,woman,False,C,Southampton,yes,False,0.4803030303030303
0,3,male,16.0,1,3,34.375,S,Third,man,True,C,Southampton,no,False,2.1484375
1,1,female,23.0,3,2,263.0,S,First,woman,False,C,Southampton,yes,False,11.434782608695652
0,3,male,24.0,0,0,8.05,S,Third,man,True,C,Southampton,no,True,0.3354166666666667
0,3,male,29.0,0,0,8.05,S,Third,man,True,C,Southampton,no,True,0.2775862068965517
0,3,male,20.0,0,0,7.8542,S,Third,man,True,C,Southampton,no,True,0.39271
0,1,male,46.0,1,0,61.175,S,First,man,True,E,Southampton,no,False,1.329891304347826
0,3,male,26.0,1,2,20.575,S,Third,man,True,C,Southampton,no,False,0.7913461538461538
0,3,male,59.0,0,0,7.25,S,Third,man,True,C,Southampton,no,True,0.1228813559322034
0,1,male,71.0,0,0,34.6542,C,First,man,True,A,Cherbourg,no,True,0.488087323943662
1,1,male,23.0,0,1,63.3583,C,First,man,True,D,Cherbourg,yes,False,2.754708695652174
1,2,female,34.0,0,1,23.0,S,Second,woman,False,C,Southampton,yes,False,0.6764705882352942
0,2,male,34.0,1,0,26.0,S,Second,man,True,C,Southampton,no,False,0.7647058823529411
0,3,female,28.0,0,0,7.8958,S,Third,woman,False,C,Southampton,no,True,0.28199285714285716
0,1,male,21.0,0,1,77.2875,S,First,man,True,D,Southampton,no,False,3.6803571428571424
0,3,male,33.0,0,0,8.6542,S,Third,man,True,C,Southampton,no,True,0.26224848484848484
0,3,male,37.0,2,0,7.925,S,Third,man,True,C,Southampton,no,False,0.2141891891891892
0,3,male,28.0,0,0,7.8958,S,Third,man,True,C,Southampton,no,True,0.28199285714285716
1,3,female,21.0,0,0,7.65,S,Third,woman,False,C,Southampton,yes,True,0.3642857142857143
1,3,male,28.0,0,0,7.775,S,Third,man,True,C,Southampton,yes,True,2.4542053009493117
0,3,male,38.0,0,0,7.8958,S,Third,man,True,C,Southampton,no,True,0.2077842105263158
1,3,female,28.0,1,0,24.15,Q,Third,woman,False,C,Queenstown,yes,False,2.4542053009493117
0,1,male,47.0,0,0,52.0,S,First,man,True,C,Southampton,no,True,1.1063829787234043
0,3,female,14.5,1,0,14.4542,C,Third,child,False,C,Cherbourg,no,False,0.9968413793103449
0,3,male,22.0,0,0,8.05,S,Third,man,True,C,Southampton,no,True,0.36590909090909096
0,3,female,20.0,1,0,9.825,S,Third,woman,False,C,Southampton,no,False,0.49124999999999996
0,3,female,17.0,0,0,14.4583,C,Third,woman,False,C,Cherbourg,no,True,0.8504882352941177
0,3,male,21.0,0,0,7.925,S,Third,man,True,C,Southampton,no,True,0.3773809523809524
0,3,male,70.5,0,0,7.75,Q,Third,man,True,C,Queenstown,no,True,0.1099290780141844
0,2,male,29.0,1,0,21.0,S,Second,man,True,C,Southampton,no,False,0.7241379310344828
0,1,male,24.0,0,1,247.5208,C,First,man,True,B,Cherbourg,no,False,10.313366666666667
0,3,female,2.0,4,2,31.275,S,Third,child,False,C,Southampton,no,False,15.6375
0,2,male,21.0,2,0,73.5,S,Second,man,True,C,Southampton,no,False,3.5
0,2,male,32.5,1,0,30.0708,C,Second,man,True,C,Cherbourg,no,False,0.9252553846153846
1,2,female,32.5,0,0,13.0,S,Second,woman,False,E,Southampton,yes,True,0.4
0,1,male,54.0,0,1,77.2875,S,First,man,True,D,Southampton,no,False,1.43125
1,3,male,12.0,1,0,11.2417,C,Third,child,False,C,Cherbourg,yes,False,0.9368083333333334
0,3,male,28.0,0,0,7.75,Q,Third,man,True,C,Queenstown,no,True,2.4542053009493117
1,3,male,24.0,0,0,7.1417,S,Third,man,True,C,Southampton,yes,True,0.29757083333333334
1,3,female,28.0,1,1,22.3583,C,Third,woman,False,F,Cherbourg,yes,False,2.4542053009493117
0,3,male,45.0,0,0,6.975,S,Third,man,True,C,Southampton,no,True,0.155
0,3,male,33.0,0,0,7.8958,C,Third,man,True,C,Cherbourg,no,True,0.23926666666666668
0,3,male,20.0,0,0,7.05,S,Third,man,True,C,Southampton,no,True,0.3525
0,3,female,47.0,1,0,14.5,S,Third,woman,False,C,Southampton,no,False,0.30851063829787234
0,2,male,25.0,0,0,13.0,S,Second,man,True,C,Southampton,no,True,0.52
0,2,male,23.0,0,0,15.0458,C,Second,man,True,C,Cherbourg,no,True,0.6541652173913043
1,1,female,19.0,0,2,26.2833,S,First,woman,False,D,Southampton,yes,False,1.3833315789473684
0,1,male,37.0,1,0,53.1,S,First,man,True,C,Southampton,no,False,1.4351351351351351
0,3,male,16.0,0,0,9.2167,S,Third,man,True,C,Southampton,no,True,0.57604375
0,1,male,24.0,0,0,79.2,C,First,man,True,B,Cherbourg,no,True,3.3000000000000003
0,3,female,28.0,0,2,15.2458,C,Third,woman,False,C,Cherbourg,no,False,2.4542053009493117
1,3,female,22.0,0,0,7.75,S,Third,woman,False,C,Southampton,yes,True,0.3522727272727273
1,3,female,24.0,1,0,15.85,S,Third,woman,False,C,Southampton,yes,False,0.6604166666666667
0,3,male,19.0,0,0,6.75,Q,Third,man,True,C,Queenstown,no,True,0.35526315789473684
0,2,male,18.0,0,0,11.5,S,Second,man,True,C,Southampton,no,True,0.6388888888888888
0,2,male,19.0,1,1,36.75,S,Second,man,True,C,Southampton,no,False,1.9342105263157894
1,3,male,27.0,0,0,7.7958,S,Third,man,True,C,Southampton,yes,True,0.28873333333333334
0,3,female,9.0,2,2,34.375,S,Third,child,False,C,Southampton,no,False,3.8194444444444446
0,2,male,36.5,0,2,26.0,S,Second,man,True,F,Southampton,no,False,0.7123287671232876
0,2,male,42.0,0,0,13.0,S,Second,man,True,C,Southampton,no,True,0.30952380952380953
0,2,male,51.0,0,0,12.525,S,Second,man,True,C,Southampton,no,True,0.24558823529411766
1,1,female,22.0,1,0,66.6,S,First,woman,False,C,Southampton,yes,False,3.027272727272727
0,3,male,55.5,0,0,8.05,S,Third,man,True,C,Southampton,no,True,0.14504504504504506
0,3,male,40.5,0,2,14.5,S,Third,man,True,C,Southampton,no,False,0.35802469135802467
0,3,male,28.0,0,0,7.3125,S,Third,man,True,C,Southampton,no,True,2.4542053009493117
0,1,male,51.0,0,1,61.3792,C,First,man,True,C,Cherbourg,no,False,1.203513725490196
1,3,female,16.0,0,0,7.7333,Q,Third,woman,False,C,Queenstown,yes,True,0.48333125
0,3,male,30.0,0,0,8.05,S,Third,man,True,C,Southampton,no,True,0.26833333333333337
0,3,male,28.0,0,0,8.6625,S,Third,man,True,C,Southampton,no,True,2.4542053009493117
0,3,male,28.0,8,2,69.55,S,Third,man,True,C,Southampton,no,False,2.4542053009493117
0,3,male,44.0,0,1,16.1,S,Third,man,True,C,Southampton,no,False,0.36590909090909096
1,2,female,40.0,0,0,15.75,S,Second,woman,False,C,Southampton,yes,True,0.39375
0,3,male,26.0,0,0,7.775,S,Third,man,True,C,Southampton,no,True,0.29903846153846153
0,3,male,17.0,0,0,8.6625,S,Third,man,True,C,Southampton,no,True,0.5095588235294117
0,3,male,1.0,4,1,39.6875,S,Third,child,False,C,Southampton,no,False,39.6875
1,3,male,9.0,0,2,20.525,S,Third,child,False,C,Southampton,yes,False,2.2805555555555554
1,1,female,28.0,0,1,55.0,S,First,woman,False,E,Southampton,yes,False,2.4542053009493117
0,3,female,45.0,1,4,27.9,S,Third,woman,False,C,Southampton,no,False,0.62
0,1,male,28.0,0,0,25.925,S,First,man,True,C,Southampton,no,True,2.4542053009493117
0,3,male,28.0,0,0,56.4958,S,Third,man,True,C,Southampton,no,True,2.017707142857143
0,1,male,61.0,0,0,33.5,S,First,man,True,B,Southampton,no,True,0.5491803278688525
0,3,male,4.0,4,1,29.125,Q,Third,child,False,C,Queenstown,no,False,7.28125
1,3,female,1.0,1,1,11.1333,S,Third,child,False,C,Southampton,yes,False,11.1333
0,1,male,56.0,0,0,30.6958,C,First,man,True,A,Cherbourg,no,True,0.5481392857142857
0,3,male,18.0,1,1,7.8542,S,Third,man,True,C,Southampton,no,False,0.4363444444444444
0,3,male,28.0,3,1,25.4667,S,Third,man,True,C,Southampton,no,False,2.4542053009493117
0,1,female,50.0,0,0,28.7125,C,First,woman,False,C,Cherbourg,no,True,0.5742499999999999
0,2,male,30.0,0,0,13.0,S,Second,man,True,C,Southampton,no,True,0.43333333333333335
0,3,male,36.0,0,0,0.0,S,Third,man,True,C,Southampton,no,True,0.0
0,3,female,28.0,8,2,69.55,S,Third,woman,False,C,Southampton,no,False,2.4542053009493117
0,2,male,28.0,0,0,15.05,C,Second,man,True,C,Cherbourg,no,True,2.4542053009493117
0,3,male,9.0,4,2,31.3875,S,Third,child,False,C,Southampton,no,False,3.4875
1,2,male,1.0,2,1,39.0,S,Second,child,False,F,Southampton,yes,False,39.0
1,3,female,4.0,0,2,22.025,S,Third,child,False,C,Southampton,yes,False,5.50625
0,1,male,28.0,0,0,50.0,S,First,man,True,A,Southampton,no,True,2.4542053009493117
1,3,female,28.0,1,0,15.5,Q,Third,woman,False,C,Queenstown,yes,False,2.4542053009493117
1,1,male,45.0,0,0,26.55,S,First,man,True,C,Southampton,yes,True,0.59
0,3,male,40.0,1,1,15.5,Q,Third,man,True,C,Queenstown,no,False,0.3875
0,3,male,36.0,0,0,7.8958,S,Third,man,True,C,Southampton,no,True,0.2193277777777778
1,2,female,32.0,0,0,13.0,S,Second,woman,False,C,Southampton,yes,True,0.40625
0,2,male,19.0,0,0,13.0,S,Second,man,True,C,Southampton,no,True,0.6842105263157895
1,3,female,19.0,1,0,7.8542,S,Third,woman,False,C,Southampton,yes,False,0.413378947368421
1,2,male,3.0,1,1,26.0,S,Second,child,False,F,Southampton,yes,False,8.666666666666666
1,1,female,44.0,0,0,27.7208,C,First,woman,False,B,Cherbourg,yes,True,0.6300181818181818
1,1,female,58.0,0,0,146.5208,C,First,woman,False,B,Cherbourg,yes,True,2.5262206896551724
0,3,male,42.0,0,1,8.4042,S,Third,man,True,C,Southampton,no,False,0.2001
0,2,female,24.0,0,0,13.0,S,Second,woman,False,C,Southampton,no,True,0.5416666666666666
0,3,male,28.0,0,0,9.5,S,Third,man,True,C,Southampton,no,True,0.3392857142857143
0,3,male,34.0,0,0,6.4958,S,Third,man,True,C,Southampton,no,True,0.1910529411764706
0,3,male,45.5,0,0,7.225,C,Third,man,True,C,Cherbourg,no,True,0.15879120879120878
1,3,male,18.0,0,0,8.05,S,Third,man,True,C,Southampton,yes,True,0.44722222222222224
0,3,female,2.0,0,1,10.4625,S,Third,child,False,G,Southampton,no,False,5.23125
0,3,male,32.0,1,0,15.85,S,Third,man,True,C,Southampton,no,False,0.4953125
1,3,male,26.0,0,0,18.7875,C,Third,man,True,C,Cherbourg,yes,True,0.7225961538461539
1,3,female,16.0,0,0,7.75,Q,Third,woman,False,C,Queenstown,yes,True,0.484375
1,1,male,40.0,0,0,31.0,C,First,man,True,A,Cherbourg,yes,True,0.775
0,3,male,24.0,0,0,7.05,S,Third,man,True,C,Southampton,no,True,0.29375
1,2,female,35.0,0,0,21.0,S,Second,woman,False,C,Southampton,yes,True,0.6
0,3,male,22.0,0,0,7.25,S,Third,man,True,C,Southampton,no,True,0.32954545454545453
0,3,male,28.0,1,0,7.75,Q,Third,man,True,C,Queenstown,no,False,2.4542053009493117
1,1,female,31.0,1,0,113.275,C,First,woman,False,D,Cherbourg,yes,False,3.6540322580645164
1,3,female,27.0,0,0,7.925,S,Third,woman,False,C,Southampton,yes,True,0.2935185185185185
0,2,male,42.0,1,0,27.0,S,Second,man,True,C,Southampton,no,False,0.6428571428571429
1,1,female,32.0,0,0,76.2917,C,First,woman,False,D,Cherbourg,yes,True,2.384115625
0,2,male,30.0,0,0,10.5,S,Second,man,True,C,Southampton,no,True,0.35
1,3,male,16.0,0,0,8.05,S,Third,man,True,C,Southampton,yes,True,0.503125
0,2,male,27.0,0,0,13.0,S,Second,man,True,C,Southampton,no,True,0.48148148148148145
0,3,male,51.0,0,0,8.05,S,Third,man,True,C,Southampton,no,True,0.15784313725490198
1,1,male,38.0,1,0,90.0,S,First,man,True,C,Southampton,yes,False,2.3684210526315788
0,3,male,22.0,0,0,9.35,S,Third,man,True,C,Southampton,no,True,0.425
1,2,male,19.0,0,0,10.5,S,Second,man,True,C,Southampton,yes,True,0.5526315789473685
0,3,male,20.5,0,0,7.25,S,Third,man,True,C,Southampton,no,True,0.35365853658536583
0,2,male,18.0,0,0,13.0,S,Second,man,True,C,Southampton,no,True,0.7222222222222222
0,3,female,28.0,3,1,25.4667,S,Third,woman,False,C,Southampton,no,False,2.4542053009493117
1,1,female,35.0,1,0,83.475,S,First,woman,False,C,Southampton,yes,False,2.385
0,3,male,29.0,0,0,7.775,S,Third,man,True,C,Southampton,no,True,0.2681034482758621
0,2,male,59.0,0,0,13.5,S,Second,man,True,C,Southampton,no,True,0.2288135593220339
1,3,female,5.0,4,2,31.3875,S,Third,child,False,C,Southampton,yes,False,6.2775
0,2,male,24.0,0,0,10.5,S,Second,man,True,C,Southampton,no,True,0.4375
0,3,female,28.0,0,0,7.55,S,Third,woman,False,C,Southampton,no,True,2.4542053009493117
0,2,male,44.0,1,0,26.0,S,Second,man,True,C,Southampton,no,False,0.5909090909090909
1,2,female,8.0,0,2,26.25,S,Second,child,False,C,Southampton,yes,False,3.28125
0,2,male,19.0,0,0,10.5,S,Second,man,True,C,Southampton,no,True,0.5526315789473685
0,2,male,33.0,0,0,12.275,S,Second,man,True,C,Southampton,no,True,0.371969696969697
0,3,female,28.0,1,0,14.4542,C,Third,woman,False,C,Cherbourg,no,False,2.4542053009493117
0,2,male,29.0,0,0,10.5,S,Second,man,True,C,Southampton,no,True,0.3620689655172414
0,3,male,22.0,0,0,7.125,S,Third,man,True,C,Southampton,no,True,0.32386363636363635
0,3,male,30.0,0,0,7.225,C,Third,man,True,C,Cherbourg,no,True,0.24083333333333332
0,1,male,44.0,2,0,90.0,Q,First,man,True,C,Queenstown,no,False,2.0454545454545454
0,3,female,25.0,0,0,7.775,S,Third,woman,False,C,Southampton,no,True,0.311
1,2,female,24.0,0,2,14.5,S,Second,woman,False,C,Southampton,yes,False,0.6041666666666666
1,1,male,37.0,1,1,52.5542,S,First,man,True,D,Southampton,yes,False,1.4203837837837838
0,2,male,54.0,1,0,26.0,S,Second,man,True,C,Southampton,no,False,0.48148148148148145
0,3,male,28.0,0,0,7.25,S,Third,man,True,C,Southampton,no,True,2.4542053009493117
0,3,female,29.0,1,1,10.4625,S,Third,woman,False,G,Southampton,no,False,0.3607758620689655
0,1,male,62.0,0,0,26.55,S,First,man,True,C,Southampton,no,True,0.4282258064516129
0,3,male,30.0,1,0,16.1,S,Third,man,True,C,Southampton,no,False,0.5366666666666667
0,3,female,41.0,0,2,20.2125,S,Third,woman,False,C,Southampton,no,False,0.4929878048780487
1,3,female,29.0,0,2,15.2458,C,Third,woman,False,C,Cherbourg,yes,False,0.5257172413793103
1,1,female,28.0,0,0,79.2,C,First,woman,False,C,Cherbourg,yes,True,2.4542053009493117
1,1,female,30.0,0,0,86.5,S,First,woman,False,B,Southampton,yes,True,2.8833333333333333
1,1,female,35.0,0,0,512.3292,C,First,woman,False,C,Cherbourg,yes,True,14.637977142857144
1,2,female,50.0,0,1,26.0,S,Second,woman,False,C,Southampton,yes,False,0.52
1,3,male,3.0,4,2,31.3875,S,Third,child,False,C,Southampton,yes,False,10.4625
0,1,male,52.0,1,1,79.65,S,First,man,True,E,Southampton,no,False,1.5317307692307693
0,1,male,40.0,0,0,0.0,S,First,man,True,B,Southampton,no,True,0.0
0,3,female,28.0,0,0,7.75,Q,Third,woman,False,C,Queenstown,no,True,2.4542053009493117
0,2,male,36.0,0,0,10.5,S,Second,man,True,C,Southampton,no,True,0.2916666666666667
0,3,male,16.0,4,1,39.6875,S,Third,man,True,C,Southampton,no,False,2.48046875
1,3,male,25.0,1,0,7.775,S,Third,man,True,C,Southampton,yes,False,0.311
1,1,female,58.0,0,1,153.4625,S,First,woman,False,C,Southampton,yes,False,2.6459051724137934
1,1,female,35.0,0,0,135.6333,S,First,woman,False,C,Southampton,yes,True,3.875237142857143
0,1,male,28.0,0,0,31.0,S,First,man,True,C,Southampton,no,True,2.4542053009493117
1,3,male,25.0,0,0,0.0,S,Third,man,True,C,Southampton,yes,True,0.0
1,2,female,41.0,0,1,19.5,S,Second,woman,False,C,Southampton,yes,False,0.47560975609756095
0,1,male,37.0,0,1,29.7,C,First,man,True,C,Cherbourg,no,False,0.8027027027027027
1,1,female,63.0,1,0,77.9583,S,First,woman,False,D,Southampton,yes,False,1.2374333333333332
0,3,female,45.0,0,0,7.75,S,Third,woman,False,C,Southampton,no,True,0.17222222222222222
0,2,male,28.0,0,0,0.0,S,Second,man,True,C,Southampton,no,True,2.4542053009493117
0,3,male,7.0,4,1,29.125,Q,Third,child,False,C,Queenstown,no,False,4.160714285714286
1,3,female,35.0,1,1,20.25,S,Third,woman,False,C,Southampton,yes,False,0.5785714285714286
0,3,male,65.0,0,0,7.75,Q,Third,man,True,C,Queenstown,no,True,0.11923076923076924
0,3,male,28.0,0,0,7.8542,S,Third,man,True,C,Southampton,no,True,0.28050714285714284
0,3,male,16.0,0,0,9.5,S,Third,man,True,C,Southampton,no,True,0.59375
1,3,male,19.0,0,0,8.05,S,Third,man,True,C,Southampton,yes,True,0.42368421052631583
0,1,male,28.0,0,0,26.0,S,First,man,True,A,Southampton,no,True,2.4542053009493117
0,3,male,33.0,0,0,8.6625,C,Third,man,True,C,Cherbourg,no,True,0.2625
1,3,male,30.0,0,0,9.5,S,Third,man,True,C,Southampton,yes,True,0.31666666666666665
0,3,male,22.0,0,0,7.8958,S,Third,man,True,C,Southampton,no,True,0.3589
1,2,male,42.0,0,0,13.0,S,Second,man,True,C,Southampton,yes,True,0.30952380952380953
1,3,female,22.0,0,0,7.75,Q,Third,woman,False,C,Queenstown,yes,True,0.3522727272727273
1,1,female,26.0,0,0,78.85,S,First,woman,False,C,Southampton,yes,True,3.0326923076923076
1,1,female,19.0,1,0,91.0792,C,First,woman,False,B,Cherbourg,yes,False,4.7936421052631575
0,2,male,36.0,0,0,12.875,C,Second,man,True,D,Cherbourg,no,True,0.3576388888888889
0,3,female,24.0,0,0,8.85,S,Third,woman,False,C,Southampton,no,True,0.36874999999999997
0,3,male,24.0,0,0,7.8958,S,Third,man,True,C,Southampton,no,True,0.3289916666666667
0,3,male,23.5,0,0,7.2292,C,Third,man,True,C,Cherbourg,no,True,0.3076255319148936
0,1,female,2.0,1,2,151.55,S,First,child,False,C,Southampton,no,False,75.775
1,1,male,28.0,0,0,30.5,S,First,man,True,C,Southampton,yes,True,2.4542053009493117
1,1,female,50.0,0,1,247.5208,C,First,woman,False,B,Cherbourg,yes,False,4.950416000000001
1,3,male,28.0,2,0,23.25,Q,Third,man,True,C,Queenstown,yes,False,2.4542053009493117
0,3,male,19.0,0,0,0.0,S,Third,man,True,C,Southampton,no,True,0.0
1,2,female,28.0,0,0,12.35,Q,Second,woman,False,E,Queenstown,yes,True,2.4542053009493117
1,1,male,0.92,1,2,151.55,S,First,child,False,C,Southampton,yes,False,164.72826086956522
1,1,female,28.0,0,0,110.8833,C,First,woman,False,C,Cherbourg,yes,True,2.4542053009493117
1,1,female,17.0,1,0,108.9,C,First,woman,False,C,Cherbourg,yes,False,6.405882352941177
0,2,male,30.0,1,0,24.0,C,Second,man,True,C,Cherbourg,no,False,0.8
1,1,female,30.0,0,0,56.9292,C,First,woman,False,E,Cherbourg,yes,True,1.89764
1,1,female,24.0,0,0,83.1583,C,First,woman,False,C,Cherbourg,yes,True,3.4649291666666664
1,1,female,18.0,2,2,262.375,C,First,woman,False,B,Cherbourg,yes,False,14.57638888888889
0,2,female,26.0,1,1,26.0,S,Second,woman,False,C,Southampton,no,False,1.0
0,2,male,43.0,1,1,26.25,S,Second,man,True,C,Southampton,no,False,0.6104651162790697
1,3,female,26.0,0,0,7.8542,S,Third,woman,False,C,Southampton,yes,True,0.3020846153846154
1,2,female,24.0,1,0,26.0,S,Second,woman,False,C,Southampton,yes,False,1.0833333333333333
0,2,male,54.0,0,0,14.0,S,Second,man,True,C,Southampton,no,True,0.25925925925925924
1,1,female,31.0,0,2,164.8667,S,First,woman,False,C,Southampton,yes,False,5.31828064516129
1,1,female,40.0,1,1,134.5,C,First,woman,False,E,Cherbourg,yes,False,3.3625
0,3,male,27.0,0,0,7.8958,S,Third,man,True,C,Southampton,no,True,0.29243703703703705
1,2,female,30.0,0,0,12.35,Q,Second,woman,False,C,Queenstown,yes,True,0.4116666666666667
1,2,female,22.0,1,1,29.0,S,Second,woman,False,C,Southampton,yes,False,1.3181818181818181
1,1,female,36.0,0,0,135.6333,C,First,woman,False,C,Cherbourg,yes,True,3.7675916666666662
0,3,male,61.0,0,0,6.2375,S,Third,man,True,C,Southampton,no,True,0.10225409836065573
1,2,female,36.0,0,0,13.0,S,Second,woman,False,D,Southampton,yes,True,0.3611111111111111
1,3,female,31.0,1,1,20.525,S,Third,woman,False,C,Southampton,yes,False,0.6620967741935483
1,1,female,16.0,0,1,57.9792,C,First,woman,False,B,Cherbourg,yes,False,3.6237
1,3,female,28.0,2,0,23.25,Q,Third,woman,False,C,Queenstown,yes,False,2.4542053009493117
0,1,male,45.5,0,0,28.5,S,First,man,True,C,Southampton,no,True,0.6263736263736264
0,1,male,38.0,0,1,153.4625,S,First,man,True,C,Southampton,no,False,4.0384868421052635
0,3,male,16.0,2,0,18.0,S,Third,man,True,C,Southampton,no,False,1.125
1,1,female,28.0,1,0,133.65,S,First,woman,False,C,Southampton,yes,False,2.4542053009493117
0,1,male,29.0,1,0,66.6,S,First,man,True,C,Southampton,no,False,2.296551724137931
1,1,female,41.0,0,0,134.5,C,First,woman,False,E,Cherbourg,yes,True,3.2804878048780486
1,3,male,45.0,0,0,8.05,S,Third,man,True,C,Southampton,yes,True,0.1788888888888889
0,1,male,45.0,0,0,35.5,S,First,man,True,C,Southampton,no,True,0.7888888888888889
1,2,male,2.0,1,1,26.0,S,Second,child,False,F,Southampton,yes,False,13.0
1,1,female,24.0,3,2,263.0,S,First,woman,False,C,Southampton,yes,False,10.958333333333334
0,2,male,28.0,0,0,13.0,S,Second,man,True,C,Southampton,no,True,0.4642857142857143
0,2,male,36.0,0,0,13.0,S,Second,man,True,C,Southampton,no,True,0.3611111111111111
1,2,female,24.0,0,0,13.0,S,Second,woman,False,F,Southampton,yes,True,0.5416666666666666
1,2,female,40.0,0,0,13.0,S,Second,woman,False,C,Southampton,yes,True,0.325
1,3,female,28.0,1,0,16.1,S,Third,woman,False,C,Southampton,yes,False,2.4542053009493117
1,3,male,3.0,1,1,15.9,S,Third,child,False,C,Southampton,yes,False,5.3
0,3,male,42.0,0,0,8.6625,S,Third,man,True,C,Southampton,no,True,0.20625
0,3,male,23.0,0,0,9.225,S,Third,man,True,C,Southampton,no,True,0.4010869565217391
0,1,male,28.0,0,0,35.0,S,First,man,True,C,Southampton,no,True,2.4542053009493117
0,3,male,15.0,1,1,7.2292,C,Third,child,False,C,Cherbourg,no,False,0.48194666666666663
0,3,male,25.0,1,0,17.8,S,Third,man,True,C,Southampton,no,False,0.7120000000000001
1,1,female,22.0,0,1,55.0,S,First,woman,False,E,Southampton,yes,False,2.5
0,2,female,38.0,0,0,13.0,S,Second,woman,False,C,Southampton,no,True,0.34210526315789475
0,3,male,40.0,1,4,27.9,S,Third,man,True,C,Southampton,no,False,0.6975
0,2,male,29.0,1,0,27.7208,C,Second,man,True,C,Cherbourg,no,False,0.9558896551724139
0,3,female,45.0,0,1,14.4542,C,Third,woman,False,C,Cherbourg,no,False,0.32120444444444446
0,3,male,35.0,0,0,7.05,S,Third,man,True,C,Southampton,no,True,0.20142857142857143
0,3,male,30.0,0,0,7.25,S,Third,man,True,C,Southampton,no,True,0.24166666666666667
1,1,female,60.0,1,0,75.25,C,First,woman,False,D,Cherbourg,yes,False,1.2541666666666667
1,3,female,28.0,0,0,7.2292,C,Third,woman,False,C,Cherbourg,yes,True,2.4542053009493117
1,1,female,24.0,0,0,69.3,C,First,woman,False,B,Cherbourg,yes,True,2.8874999999999997
1,1,male,25.0,1,0,55.4417,C,First,man,True,E,Cherbourg,yes,False,2.2176679999999998
0,3,male,18.0,1,0,6.4958,S,Third,man,True,C,Southampton,no,False,0.3608777777777778
0,3,male,19.0,0,0,8.05,S,Third,man,True,C,Southampton,no,True,0.42368421052631583
0,1,male,22.0,0,0,135.6333,C,First,man,True,C,Cherbourg,no,True,6.16515
0,3,female,3.0,3,1,21.075,S,Third,child,False,C,Southampton,no,False,7.0249999999999995
1,1,female,28.0,1,0,82.1708,C,First,woman,False,C,Cherbourg,yes,False,2.4542053009493117
1,3,female,22.0,0,0,7.25,S,Third,woman,False,C,Southampton,yes,True,0.32954545454545453
0,1,male,27.0,0,2,211.5,C,First,man,True,C,Cherbourg,no,False,7.833333333333333
0,3,male,20.0,0,0,4.0125,C,Third,man,True,C,Cherbourg,no,True,0.200625
0,3,male,19.0,0,0,7.775,S,Third,man,True,C,Southampton,no,True,0.40921052631578947
1,1,female,42.0,0,0,227.525,C,First,woman,False,C,Cherbourg,yes,True,5.417261904761905
1,3,female,1.0,0,2,15.7417,C,Third,child,False,C,Cherbourg,yes,False,15.7417
0,3,male,32.0,0,0,7.925,S,Third,man,True,C,Southampton,no,True,0.24765625
1,1,female,35.0,1,0,52.0,S,First,woman,False,C,Southampton,yes,False,1.4857142857142858
0,2,male,18.0,0,0,73.5,S,Second,man,True,C,Southampton,no,True,4.083333333333333
0,3,male,1.0,5,2,46.9,S,Third,child,False,C,Southampton,no,False,46.9
1,2,female,36.0,0,0,13.0,S,Second,woman,False,C,Southampton,yes,True,0.3611111111111111
0,3,male,28.0,0,0,7.7292,Q,Third,man,True,C,Queenstown,no,True,2.4542053009493117
1,2,female,17.0,0,0,12.0,C,Second,woman,False,C,Cherbourg,yes,True,0.7058823529411765
1,1,male,36.0,1,2,120.0,S,First,man,True,B,Southampton,yes,False,3.3333333333333335
1,3,male,21.0,0,0,7.7958,S,Third,man,True,C,Southampton,yes,True,0.3712285714285714
0,3,male,28.0,2,0,7.925,S,Third,man,True,C,Southampton,no,False,0.2830357142857143
1,1,female,23.0,1,0,113.275,C,First,woman,False,D,Cherbourg,yes,False,4.925
1,3,female,24.0,0,2,16.7,S,Third,woman,False,G,Southampton,yes,False,0.6958333333333333
0,3,male,22.0,0,0,7.7958,S,Third,man,True,C,Southampton,no,True,0.3543545454545454
0,3,female,31.0,0,0,7.8542,S,Third,woman,False,C,Southampton,no,True,0.25336129032258065
0,2,male,46.0,0,0,26.0,S,Second,man,True,C,Southampton,no,True,0.5652173913043478
0,2,male,23.0,0,0,10.5,S,Second,man,True,C,Southampton,no,True,0.45652173913043476
1,2,female,28.0,0,0,12.65,S,Second,woman,False,C,Southampton,yes,True,0.4517857142857143
1,3,male,39.0,0,0,7.925,S,Third,man,True,C,Southampton,yes,True,0.2032051282051282
0,3,male,26.0,0,0,8.05,S,Third,man,True,C,Southampton,no,True,0.3096153846153846
0,3,female,21.0,1,0,9.825,S,Third,woman,False,C,Southampton,no,False,0.4678571428571428
0,3,male,28.0,1,0,15.85,S,Third,man,True,C,Southampton,no,False,0.5660714285714286
0,3,female,20.0,0,0,8.6625,S,Third,woman,False,C,Southampton,no,True,0.433125
0,2,male,34.0,1,0,21.0,S,Second,man,True,C,Southampton,no,False,0.6176470588235294
0,3,male,51.0,0,0,7.75,S,Third,man,True,C,Southampton,no,True,0.15196078431372548
1,2,male,3.0,1,1,18.75,S,Second,child,False,C,Southampton,yes,False,6.25
0,3,male,21.0,0,0,7.775,S,Third,man,True,C,Southampton,no,True,0.37023809523809526
0,3,male,28.0,0,0,6.8583,Q,Third,man,True,C,Queenstown,no,True,2.4542053009493117
1,1,female,33.0,1,0,90.0,Q,First,woman,False,C,Queenstown,yes,False,2.727272727272727
1,3,male,44.0,0,0,7.925,S,Third,man,True,C,Southampton,yes,True,0.18011363636363636
0,3,female,28.0,0,0,8.05,S,Third,woman,False,C,Southampton,no,True,2.4542053009493117
1,2,female,34.0,1,1,32.5,S,Second,woman,False,C,Southampton,yes,False,0.9558823529411765
1,2,female,18.0,0,2,13.0,S,Second,woman,False,C,Southampton,yes,False,0.7222222222222222
0,3,female,10.0,0,2,24.15,S,Third,child,False,C,Southampton,no,False,2.415
0,3,male,21.0,0,0,7.7333,Q,Third,man,True,C,Queenstown,no,True,0.36825238095238094
0,3,male,29.0,0,0,7.875,S,Third,man,True,C,Southampton,no,True,0.27155172413793105
0,3,female,28.0,1,1,14.4,S,Third,woman,False,C,Southampton,no,False,0.5142857142857143
0,3,male,18.0,1,1,20.2125,S,Third,man,True,C,Southampton,no,False,1.1229166666666666
1,2,female,28.0,1,0,26.0,S,Second,woman,False,C,Southampton,yes,False,0.9285714285714286
1,2,female,19.0,0,0,26.0,S,Second,woman,False,C,Southampton,yes,True,1.368421052631579
1,3,male,32.0,0,0,8.05,S,Third,man,True,E,Southampton,yes,True,0.2515625
1,1,male,28.0,0,0,26.55,S,First,man,True,C,Southampton,yes,True,0.9482142857142858
1,2,female,42.0,1,0,26.0,S,Second,woman,False,C,Southampton,yes,False,0.6190476190476191
0,3,male,17.0,0,0,7.125,S,Third,man,True,C,Southampton,no,True,0.41911764705882354
0,1,male,50.0,1,0,55.9,S,First,man,True,E,Southampton,no,False,1.1179999999999999
1,1,female,14.0,1,2,120.0,S,First,child,False,B,Southampton,yes,False,8.571428571428571
0,3,female,21.0,2,2,34.375,S,Third,woman,False,C,Southampton,no,False,1.6369047619047619
1,2,female,24.0,2,3,18.75,S,Second,woman,False,C,Southampton,yes,False,0.78125
0,1,male,64.0,1,4,263.0,S,First,man,True,C,Southampton,no,False,4.109375
0,2,male,31.0,0,0,10.5,S,Second,man,True,C,Southampton,no,True,0.3387096774193548
1,2,female,45.0,1,1,26.25,S,Second,woman,False,C,Southampton,yes,False,0.5833333333333334
0,3,male,20.0,0,0,9.5,S,Third,man,True,C,Southampton,no,True,0.475
0,3,male,25.0,1,0,7.775,S,Third,man,True,C,Southampton,no,False,0.311
1,2,female,28.0,0,0,13.0,S,Second,woman,False,C,Southampton,yes,True,0.4642857142857143
1,3,male,28.0,0,0,8.1125,S,Third,man,True,C,Southampton,yes,True,2.4542053009493117
1,1,male,4.0,0,2,81.8583,S,First,child,False,A,Southampton,yes,False,20.464575
1,2,female,13.0,0,1,19.5,S,Second,child,False,C,Southampton,yes,False,1.5
1,1,male,34.0,0,0,26.55,S,First,man,True,C,Southampton,yes,True,0.7808823529411765
1,3,female,5.0,2,1,19.2583,C,Third,child,False,C,Cherbourg,yes,False,3.85166
1,1,male,52.0,0,0,30.5,S,First,man,True,C,Southampton,yes,True,0.5865384615384616
0,2,male,36.0,1,2,27.75,S,Second,man,True,C,Southampton,no,False,0.7708333333333334
0,3,male,28.0,1,0,19.9667,S,Third,man,True,C,Southampton,no,False,2.4542053009493117
0,1,male,30.0,0,0,27.75,C,First,man,True,C,Cherbourg,no,True,0.925
1,1,male,49.0,1,0,89.1042,C,First,man,True,C,Cherbourg,yes,False,1.81845306122449
1,3,male,29.0,0,0,7.8958,C,Third,man,True,C,Cherbourg,yes,True,0.2722689655172414
0,1,male,65.0,0,0,26.55,S,First,man,True,E,Southampton,no,True,0.4084615384615385
1,1,female,28.0,1,0,51.8625,S,First,woman,False,D,Southampton,yes,False,2.4542053009493117
1,2,female,50.0,0,0,10.5,S,Second,woman,False,C,Southampton,yes,True,0.21
1,1,male,48.0,0,0,26.55,S,First,man,True,E,Southampton,yes,True,0.553125
0,3,male,34.0,0,0,8.05,S,Third,man,True,C,Southampton,no,True,0.23676470588235296
0,1,male,47.0,0,0,38.5,S,First,man,True,E,Southampton,no,True,0.8191489361702128
0,2,male,48.0,0,0,13.0,S,Second,man,True,C,Southampton,no,True,0.2708333333333333
0,3,male,38.0,0,0,7.05,S,Third,man,True,C,Southampton,no,True,0.18552631578947368
0,1,male,56.0,0,0,26.55,S,First,man,True,C,Southampton,no,True,0.4741071428571429
0,3,male,28.0,0,0,7.725,Q,Third,man,True,C,Queenstown,no,True,2.4542053009493117
1,3,female,0.75,2,1,19.2583,C,Third,child,False,C,Cherbourg,yes,False,25.677733333333332
0,3,male,38.0,0,0,8.6625,S,Third,man,True,C,Southampton,no,True,0.22796052631578947
1,2,female,33.0,1,2,27.75,S,Second,woman,False,C,Southampton,yes,False,0.8409090909090909
1,2,female,23.0,0,0,13.7917,C,Second,woman,False,D,Cherbourg,yes,True,0.5996391304347827
0,3,female,22.0,0,0,9.8375,S,Third,woman,False,C,Southampton,no,True,0.44715909090909095
0,1,male,28.0,0,0,52.0,S,First,man,True,A,Southampton,no,True,2.4542053009493117
0,3,male,29.0,1,0,7.0458,S,Third,man,True,C,Southampton,no,False,0.24295862068965518
0,3,male,22.0,0,0,7.5208,S,Third,man,True,C,Southampton,no,True,0.34185454545454547
1,3,female,2.0,0,1,12.2875,S,Third,child,False,C,Southampton,yes,False,6.14375
0,3,male,9.0,5,2,46.9,S,Third,child,False,C,Southampton,no,False,5.211111111111111
0,3,male,50.0,0,0,8.05,S,Third,man,True,C,Southampton,no,True,0.161
1,3,female,63.0,0,0,9.5875,S,Third,woman,False,C,Southampton,yes,True,0.1521825396825397
1,1,male,25.0,1,0,91.0792,C,First,man,True,B,Cherbourg,yes,False,3.643168
1,1,female,35.0,1,0,90.0,S,First,woman,False,C,Southampton,yes,False,2.5714285714285716
0,1,male,58.0,0,0,29.7,C,First,man,True,B,Cherbourg,no,True,0.5120689655172413
1,3,male,9.0,1,1,15.9,S,Third,child,False,C,Southampton,yes,False,1.7666666666666666
0,3,male,21.0,0,0,7.25,S,Third,man,True,C,Southampton,no,True,0.34523809523809523
0,1,male,55.0,0,0,30.5,S,First,man,True,C,Southampton,no,True,0.5545454545454546
0,1,male,71.0,0,0,49.5042,C,First,man,True,C,Cherbourg,no,True,0.6972422535211267
0,3,male,28.0,0,0,14.4583,C,Third,man,True,C,Cherbourg,no,True,2.4542053009493117
1,1,female,54.0,1,0,78.2667,C,First,woman,False,D,Cherbourg,yes,False,1.4493833333333332
0,3,male,28.0,0,0,15.1,S,Third,man,True,C,Southampton,no,True,2.4542053009493117
0,1,female,25.0,1,2,151.55,S,First,woman,False,C,Southampton,no,False,6.062
0,3,male,24.0,0,0,7.7958,S,Third,man,True,C,Southampton,no,True,0.324825
0,3,female,21.0,0,0,7.75,Q,Third,woman,False,C,Queenstown,no,True,0.36904761904761907
0,3,female,28.0,0,0,7.6292,Q,Third,woman,False,C,Queenstown,no,True,2.4542053009493117
0,3,female,37.0,0,0,9.5875,S,Third,woman,False,C,Southampton,no,True,0.2591216216216216
1,1,female,16.0,0,0,86.5,S,First,woman,False,B,Southampton,yes,True,5.40625
0,1,male,18.0,1,0,108.9,C,First,man,True,C,Cherbourg,no,False,6.050000000000001
1,2,female,33.0,0,2,26.0,S,Second,woman,False,C,Southampton,yes,False,0.7878787878787878
1,1,male,28.0,0,0,26.55,S,First,man,True,C,Southampton,yes,True,2.4542053009493117
0,3,male,28.0,0,0,22.525,S,Third,man,True,C,Southampton,no,True,0.8044642857142856
1,3,male,26.0,0,0,56.4958,S,Third,man,True,C,Southampton,yes,True,2.1729153846153846
1,3,male,29.0,0,0,7.75,Q,Third,man,True,C,Queenstown,yes,True,0.2672413793103448
1,1,male,36.0,0,0,26.2875,S,First,man,True,E,Southampton,yes,True,0.7302083333333333
1,1,female,54.0,1,0,59.4,C,First,woman,False,C,Cherbourg,yes,False,1.0999999999999999
0,3,male,24.0,0,0,7.4958,S,Third,man,True,C,Southampton,no,True,0.312325
0,1,male,47.0,0,0,34.0208,S,First,man,True,D,Southampton,no,True,0.7238468085106383
1,2,female,34.0,0,0,10.5,S,Second,woman,False,F,Southampton,yes,True,0.3088235294117647
0,3,male,28.0,0,0,24.15,Q,Third,man,True,C,Queenstown,no,True,2.4542053009493117
1,2,female,36.0,1,0,26.0,S,Second,woman,False,C,Southampton,yes,False,0.7222222222222222
0,3,male,32.0,0,0,7.8958,S,Third,man,True,C,Southampton,no,True,0.24674375
1,1,female,30.0,0,0,93.5,S,First,woman,False,B,Southampton,yes,True,3.1166666666666667
1,1,female,44.0,0,1,57.9792,C,First,woman,False,B,Cherbourg,yes,False,1.317709090909091
0,3,male,28.0,0,0,7.2292,C,Third,man,True,C,Cherbourg,no,True,2.4542053009493117
0,3,male,40.5,0,0,7.75,Q,Third,man,True,C,Queenstown,no,True,0.19135802469135801
0,1,male,28.0,0,0,221.7792,S,First,man,True,C,Southampton,no,True,2.4542053009493117
0,3,male,39.0,0,0,7.925,S,Third,man,True,C,Southampton,no,True,0.2032051282051282
0,2,male,23.0,2,1,11.5,S,Second,man,True,C,Southampton,no,False,0.5
1,2,female,2.0,1,1,26.0,S,Second,child,False,C,Southampton,yes,False,13.0
0,3,male,17.0,1,1,7.2292,C,Third,man,True,C,Cherbourg,no,False,0.42524705882352937
1,3,female,28.0,0,2,22.3583,C,Third,woman,False,C,Cherbourg,yes,False,2.4542053009493117
0,3,female,30.0,0,0,8.6625,S,Third,woman,False,C,Southampton,no,True,0.28875
1,2,female,7.0,0,2,26.25,S,Second,child,False,C,Southampton,yes,False,3.75
0,1,male,45.0,0,0,26.55,S,First,man,True,B,Southampton,no,True,0.59
1,1,female,30.0,0,0,106.425,C,First,woman,False,C,Cherbourg,yes,True,3.5475
0,3,male,28.0,0,0,14.5,S,Third,man,True,C,Southampton,no,True,2.4542053009493117
1,1,female,22.0,0,2,49.5,C,First,woman,False,B,Cherbourg,yes,False,2.25
1,1,female,36.0,0,2,71.0,S,First,woman,False,B,Southampton,yes,False,1.9722222222222223
0,3,female,9.0,4,2,31.275,S,Third,child,False,C,Southampton,no,False,3.4749999999999996
0,3,female,11.0,4,2,31.275,S,Third,child,False,C,Southampton,no,False,2.8431818181818183
1,2,male,32.0,1,0,26.0,S,Second,man,True,C,Southampton,yes,False,0.8125
0,1,male,50.0,1,0,106.425,C,First,man,True,C,Cherbourg,no,False,2.1285
0,1,male,64.0,0,0,26.0,S,First,man,True,C,Southampton,no,True,0.40625
1,2,female,19.0,1,0,26.0,S,Second,woman,False,C,Southampton,yes,False,1.368421052631579
1,2,male,28.0,0,0,13.8625,C,Second,man,True,C,Cherbourg,yes,True,2.4542053009493117
0,3,male,33.0,1,1,20.525,S,Third,man,True,C,Southampton,no,False,0.621969696969697
1,2,male,8.0,1,1,36.75,S,Second,child,False,C,Southampton,yes,False,4.59375
1,1,male,17.0,0,2,110.8833,C,First,man,True,C,Cherbourg,yes,False,6.5225470588235295
0,2,male,27.0,0,0,26.0,S,Second,man,True,C,Southampton,no,True,0.9629629629629629
0,3,male,28.0,0,0,7.8292,Q,Third,man,True,C,Queenstown,no,True,2.4542053009493117
1,3,male,22.0,0,0,7.225,C,Third,man,True,C,Cherbourg,yes,True,0.3284090909090909
1,3,female,22.0,0,0,7.775,S,Third,woman,False,C,Southampton,yes,True,0.35340909090909095
0,1,male,62.0,0,0,26.55,S,First,man,True,C,Southampton,no,True,0.4282258064516129
1,1,female,48.0,1,0,39.6,C,First,woman,False,A,Cherbourg,yes,False,0.8250000000000001
0,1,male,28.0,0,0,227.525,C,First,man,True,C,Cherbourg,no,True,2.4542053009493117
1,1,female,39.0,1,1,79.65,S,First,woman,False,E,Southampton,yes,False,2.0423076923076926
1,3,female,36.0,1,0,17.4,S,Third,woman,False,C,Southampton,yes,False,0.4833333333333333
0,3,male,40.0,0,0,7.8958,S,Third,man,True,C,Southampton,no,True,0.19739500000000001
0,2,male,28.0,0,0,13.5,S,Second,man,True,C,Southampton,no,True,0.48214285714285715
0,3,male,24.0,2,0,24.15,S,Third,man,True,C,Southampton,no,False,1.0062499999999999
0,3,male,19.0,0,0,7.8958,S,Third,man,True,C,Southampton,no,True,0.4155684210526316
0,3,female,29.0,0,4,21.075,S,Third,woman,False,C,Southampton,no,False,0.7267241379310344
1,3,male,32.0,0,0,7.8542,S,Third,man,True,C,Southampton,yes,True,0.24544375
1,2,male,62.0,0,0,10.5,S,Second,man,True,C,Southampton,yes,True,0.1693548387096774
1,1,female,53.0,2,0,51.4792,S,First,woman,False,C,Southampton,yes,False,0.9713056603773584
1,1,male,36.0,0,0,26.3875,S,First,man,True,E,Southampton,yes,True,0.7329861111111111
0,3,male,16.0,0,0,8.05,S,Third,man,True,C,Southampton,no,True,0.503125
0,3,male,19.0,0,0,14.5,S,Third,man,True,C,Southampton,no,True,0.7631578947368421
1,2,female,34.0,0,0,13.0,S,Second,woman,False,C,Southampton,yes,True,0.38235294117647056
1,1,female,39.0,1,0,55.9,S,First,woman,False,E,Southampton,yes,False,1.4333333333333333
0,3,female,28.0,1,0,14.4583,C,Third,woman,False,C,Cherbourg,no,False,2.4542053009493117
1,3,male,32.0,0,0,7.925,S,Third,man,True,C,Southampton,yes,True,0.24765625
1,2,female,25.0,1,1,30.0,S,Second,woman,False,C,Southampton,yes,False,1.2
1,1,female,39.0,1,1,110.8833,C,First,woman,False,C,Cherbourg,yes,False,2.8431615384615387
0,2,male,54.0,0,0,26.0,S,Second,man,True,C,Southampton,no,True,0.48148148148148145
0,1,male,36.0,0,0,40.125,C,First,man,True,A,Cherbourg,no,True,1.1145833333333333
0,3,male,28.0,0,0,8.7125,C,Third,man,True,C,Cherbourg,no,True,2.4542053009493117
1,1,female,18.0,0,2,79.65,S,First,woman,False,E,Southampton,yes,False,4.425000000000001
0,2,male,47.0,0,0,15.0,S,Second,man,True,C,Southampton,no,True,0.3191489361702128
1,1,male,60.0,1,1,79.2,C,First,man,True,B,Cherbourg,yes,False,1.32
0,3,male,35.0,0,0,7.125,S,Third,man,True,C,Southampton,no,True,0.20357142857142857
1,1,female,52.0,1,0,78.2667,C,First,woman,False,D,Cherbourg,yes,False,1.5051288461538461
0,3,male,47.0,0,0,7.25,S,Third,man,True,C,Southampton,no,True,0.15425531914893617
0,3,female,28.0,0,2,7.75,Q,Third,woman,False,C,Queenstown,no,False,2.4542053009493117
0,2,male,37.0,1,0,26.0,S,Second,man,True,C,Southampton,no,False,0.7027027027027027
0,3,male,36.0,1,1,24.15,S,Third,man,True,C,Southampton,no,False,0.6708333333333333
1,2,female,28.0,0,0,33.0,S,Second,woman,False,C,Southampton,yes,True,2.4542053009493117
0,3,male,49.0,0,0,0.0,S,Third,man,True,C,Southampton,no,True,0.0
1,1,male,49.0,1,0,56.9292,C,First,man,True,A,Cherbourg,yes,False,1.1618204081632653
1,2,female,24.0,2,1,27.0,S,Second,woman,False,C,Southampton,yes,False,1.125
0,1,male,28.0,0,0,42.4,S,First,man,True,C,Southampton,no,True,2.4542053009493117
0,3,male,44.0,0,0,8.05,S,Third,man,True,C,Southampton,no,True,0.18295454545454548
1,1,male,35.0,0,0,26.55,C,First,man,True,C,Cherbourg,yes,True,0.7585714285714286
0,3,male,36.0,1,0,15.55,S,Third,man,True,C,Southampton,no,False,0.43194444444444446
0,3,male,30.0,0,0,7.8958,S,Third,man,True,C,Southampton,no,True,0.26319333333333333
1,1,male,27.0,0,0,30.5,S,First,man,True,C,Southampton,yes,True,1.1296296296296295
1,2,female,22.0,1,2,41.5792,C,Second,woman,False,C,Cherbourg,yes,False,1.8899636363636363
1,1,female,40.0,0,0,153.4625,S,First,woman,False,C,Southampton,yes,True,3.8365625000000003
0,3,female,39.0,1,5,31.275,S,Third,woman,False,C,Southampton,no,False,0.8019230769230768
0,3,male,28.0,0,0,7.05,S,Third,man,True,C,Southampton,no,True,2.4542053009493117
1,2,female,24.0,1,2,65.0,S,Second,woman,False,C,Southampton,yes,False,2.7083333333333335
0,3,male,34.0,1,1,14.4,S,Third,man,True,C,Southampton,no,False,0.4235294117647059
0,3,female,26.0,1,0,16.1,S,Third,woman,False,C,Southampton,no,False,0.6192307692307693
1,2,female,4.0,2,1,39.0,S,Second,child,False,F,Southampton,yes,False,9.75
0,2,male,26.0,0,0,10.5,S,Second,man,True,C,Southampton,no,True,0.40384615384615385
0,3,male,27.0,1,0,14.4542,C,Third,man,True,C,Cherbourg,no,False,0.5353407407407408
1,1,male,42.0,1,0,52.5542,S,First,man,True,D,Southampton,yes,False,1.2512904761904762
1,3,male,20.0,1,1,15.7417,C,Third,man,True,C,Cherbourg,yes,False,0.787085
0,3,male,21.0,0,0,7.8542,S,Third,man,True,C,Southampton,no,True,0.3740095238095238
0,3,male,21.0,0,0,16.1,S,Third,man,True,C,Southampton,no,True,0.7666666666666667
0,1,male,61.0,0,0,32.3208,S,First,man,True,D,Southampton,no,True,0.5298491803278689
0,2,male,57.0,0,0,12.35,Q,Second,man,True,C,Queenstown,no,True,0.21666666666666667
1,1,female,21.0,0,0,77.9583,S,First,woman,False,D,Southampton,yes,True,3.7123
0,3,male,26.0,0,0,7.8958,S,Third,man,True,C,Southampton,no,True,0.3036846153846154
0,3,male,28.0,0,0,7.7333,Q,Third,man,True,C,Queenstown,no,True,2.4542053009493117
1,1,male,80.0,0,0,30.0,S,First,man,True,A,Southampton,yes,True,0.375
0,3,male,51.0,0,0,7.0542,S,Third,man,True,C,Southampton,no,True,0.13831764705882352
1,1,male,32.0,0,0,30.5,C,First,man,True,B,Cherbourg,yes,True,0.953125
0,1,male,28.0,0,0,0.0,S,First,man,True,C,Southampton,no,True,2.4542053009493117
0,3,female,9.0,3,2,27.9,S,Third,child,False,C,Southampton,no,False,3.0999999999999996
0,2,male,31.0,1,1,26.25,S,Second,man,True,C,Southampton,no,False,0.8467741935483871
0,3,female,41.0,0,5,39.6875,S,Third,woman,False,C,Southampton,no,False,0.9679878048780488
0,3,male,28.0,1,0,16.1,S,Third,man,True,C,Southampton,no,False,2.4542053009493117
0,3,female,2.0,3,2,27.9,S,Third,child,False,C,Southampton,no,False,13.95
1,3,male,28.0,0,0,56.4958,S,Third,man,True,C,Southampton,yes,True,2.4542053009493117
1,1,male,48.0,1,0,76.7292,C,First,man,True,D,Cherbourg,yes,False,1.5985250000000002
1,1,male,56.0,0,0,35.5,C,First,man,True,A,Cherbourg,yes,True,0.6339285714285714
0,3,male,28.0,0,0,7.55,S,Third,man,True,C,Southampton,no,True,2.4542053009493117
1,3,female,23.0,0,0,7.55,S,Third,woman,False,C,Southampton,yes,True,0.3282608695652174
1,2,female,18.0,0,1,23.0,S,Second,woman,False,C,Southampton,yes,False,1.2777777777777777
0,3,male,21.0,0,0,8.4333,S,Third,man,True,C,Southampton,no,True,0.40158571428571427
1,3,female,28.0,0,0,7.8292,Q,Third,woman,False,C,Queenstown,yes,True,2.4542053009493117
0,3,female,18.0,0,0,6.75,Q,Third,woman,False,C,Queenstown,no,True,0.375
0,2,male,24.0,2,0,73.5,S,Second,man,True,C,Southampton,no,False,3.0625
0,3,female,32.0,1,1,15.5,Q,Third,woman,False,C,Queenstown,no,False,0.484375
0,2,male,23.0,0,0,13.0,S,Second,man,True,C,Southampton,no,True,0.5652173913043478
0,1,male,58.0,0,2,113.275,C,First,man,True,D,Cherbourg,no,False,1.9530172413793105
1,1,male,50.0,2,0,133.65,S,First,man,True,C,Southampton,yes,False,2.673
0,3,male,40.0,0,0,7.225,C,Third,man,True,C,Cherbourg,no,True,0.18062499999999998
0,1,male,47.0,0,0,25.5875,S,First,man,True,E,Southampton,no,True,0.5444148936170212
0,3,male,36.0,0,0,7.4958,S,Third,man,True,C,Southampton,no,True,0.20821666666666666
1,3,male,20.0,1,0,7.925,S,Third,man,True,C,Southampton,yes,False,0.39625
0,2,male,32.0,2,0,73.5,S,Second,man,True,C,Southampton,no,False,2.296875
0,3,male,28.0,0,0,7.775,S,Third,man,True,C,Southampton,no,True,2.4542053009493117
0,3,male,43.0,0,0,8.05,S,Third,man,True,C,Southampton,no,True,0.18720930232558142
1,1,female,28.0,1,0,52.0,S,First,woman,False,C,Southampton,yes,False,2.4542053009493117
1,2,female,40.0,1,1,39.0,S,Second,woman,False,C,Southampton,yes,False,0.975
0,1,male,31.0,1,0,52.0,S,First,man,True,B,Southampton,no,False,1.6774193548387097
0,2,male,70.0,0,0,10.5,S,Second,man,True,C,Southampton,no,True,0.15
1,2,male,31.0,0,0,13.0,S,Second,man,True,C,Southampton,yes,True,0.41935483870967744
0,3,male,18.0,0,0,7.775,S,Third,man,True,C,Southampton,no,True,0.43194444444444446
0,3,male,24.5,0,0,8.05,S,Third,man,True,C,Southampton,no,True,0.3285714285714286
1,3,female,18.0,0,0,9.8417,S,Third,woman,False,C,Southampton,yes,True,0.546761111111111
0,3,female,43.0,1,6,46.9,S,Third,woman,False,C,Southampton,no,False,1.0906976744186045
1,1,male,36.0,0,1,512.3292,C,First,man,True,B,Cherbourg,yes,False,14.231366666666666
0,3,female,28.0,0,0,8.1375,Q,Third,woman,False,C,Queenstown,no,True,2.4542053009493117
1,1,male,27.0,0,0,76.7292,C,First,man,True,D,Cherbourg,yes,True,2.8418222222222225
0,3,male,20.0,0,0,9.225,S,Third,man,True,C,Southampton,no,True,0.46125
0,3,male,14.0,5,2,46.9,S,Third,child,False,C,Southampton,no,False,3.35
0,2,male,60.0,1,1,39.0,S,Second,man,True,C,Southampton,no,False,0.65
0,2,male,25.0,1,2,41.5792,C,Second,man,True,C,Cherbourg,no,False,1.663168
0,3,male,14.0,4,1,39.6875,S,Third,child,False,C,Southampton,no,False,2.8348214285714284
0,3,male,19.0,0,0,10.1708,S,Third,man,True,C,Southampton,no,True,0.5353052631578947
0,3,male,18.0,0,0,7.7958,S,Third,man,True,C,Southampton,no,True,0.4331
1,1,female,15.0,0,1,211.3375,S,First,child,False,B,Southampton,yes,False,14.089166666666667
1,1,male,31.0,1,0,57.0,S,First,man,True,B,Southampton,yes,False,1.8387096774193548
1,3,female,4.0,0,1,13.4167,C,Third,child,False,C,Cherbourg,yes,False,3.354175
0,3,male,25.0,0,0,7.225,C,Third,man,True,C,Cherbourg,no,True,0.289
0,1,male,60.0,0,0,26.55,S,First,man,True,C,Southampton,no,True,0.4425
0,2,male,52.0,0,0,13.5,S,Second,man,True,C,Southampton,no,True,0.25961538461538464
1,3,female,28.0,0,0,7.7333,Q,Third,woman,False,C,Queenstown,yes,True,2.4542053009493117
0,1,male,49.0,1,1,110.8833,C,First,man,True,C,Cherbourg,no,False,2.2629244897959184
0,3,male,42.0,0,0,7.65,S,Third,man,True,F,Southampton,no,True,0.18214285714285716
1,1,female,18.0,1,0,227.525,C,First,woman,False,C,Cherbourg,yes,False,12.640277777777778
1,1,male,35.0,0,0,26.2875,S,First,man,True,E,Southampton,yes,True,0.7510714285714286
0,3,female,18.0,0,1,14.4542,C,Third,woman,False,C,Cherbourg,no,False,0.8030111111111111
0,3,male,25.0,0,0,7.7417,Q,Third,man,True,C,Queenstown,no,True,0.309668
0,3,male,26.0,1,0,7.8542,S,Third,man,True,C,Southampton,no,False,0.3020846153846154
0,2,male,39.0,0,0,26.0,S,Second,man,True,C,Southampton,no,True,0.6666666666666666
1,2,female,45.0,0,0,13.5,S,Second,woman,False,C,Southampton,yes,True,0.3
1,1,male,42.0,0,0,26.2875,S,First,man,True,E,Southampton,yes,True,0.6258928571428571
1,1,female,22.0,0,0,151.55,S,First,woman,False,C,Southampton,yes,True,6.888636363636365
1,1,female,24.0,0,0,49.5042,C,First,woman,False,C,Cherbourg,yes,True,2.062675
0,1,male,28.0,0,0,26.55,S,First,man,True,C,Southampton,no,True,2.4542053009493117
1,1,male,48.0,1,0,52.0,S,First,man,True,C,Southampton,yes,False,1.0833333333333333
0,3,male,29.0,0,0,9.4833,S,Third,man,True,C,Southampton,no,True,0.3270103448275862
0,2,male,52.0,0,0,13.0,S,Second,man,True,C,Southampton,no,True,0.25
0,3,male,19.0,0,0,7.65,S,Third,man,True,F,Southampton,no,True,0.40263157894736845
1,1,female,38.0,0,0,227.525,C,First,woman,False,C,Cherbourg,yes,True,5.9875
1,2,female,27.0,0,0,10.5,S,Second,woman,False,E,Southampton,yes,True,0.3888888888888889
0,3,male,28.0,0,0,15.5,Q,Third,man,True,C,Queenstown,no,True,2.4542053009493117
0,3,male,33.0,0,0,7.775,S,Third,man,True,C,Southampton,no,True,0.23560606060606062
1,2,female,6.0,0,1,33.0,S,Second,child,False,C,Southampton,yes,False,5.5
0,3,male,17.0,1,0,7.0542,S,Third,man,True,C,Southampton,no,False,0.4149529411764706
0,2,male,34.0,0,0,13.0,S,Second,man,True,C,Southampton,no,True,0.38235294117647056
0,2,male,50.0,0,0,13.0,S,Second,man,True,C,Southampton,no,True,0.26
1,1,male,27.0,1,0,53.1,S,First,man,True,E,Southampton,yes,False,1.9666666666666668
0,3,male,20.0,0,0,8.6625,S,Third,man,True,C,Southampton,no,True,0.433125
1,2,female,30.0,3,0,21.0,S,Second,woman,False,C,Southampton,yes,False,0.7
1,3,female,28.0,0,0,7.7375,Q,Third,woman,False,C,Queenstown,yes,True,2.4542053009493117
0,2,male,25.0,1,0,26.0,S,Second,man,True,C,Southampton,no,False,1.04
0,3,female,25.0,1,0,7.925,S,Third,woman,False,C,Southampton,no,False,0.317
1,1,female,29.0,0,0,211.3375,S,First,woman,False,B,Southampton,yes,True,7.2875000000000005
0,3,male,11.0,0,0,18.7875,C,Third,child,False,C,Cherbourg,no,True,1.7079545454545455
0,3,male,28.5,0,0,16.1,S,Third,man,True,C,Southampton,no,True,0.5649122807017545
0,3,female,48.0,1,3,34.375,S,Third,woman,False,C,Southampton,no,False,0.7161458333333334
1,1,male,35.0,0,0,512.3292,C,First,man,True,B,Cherbourg,yes,True,14.637977142857144
1,1,male,28.0,0,0,30.0,S,First,man,True,D,Southampton,yes,True,2.4542053009493117
0,1,male,36.0,1,0,78.85,S,First,man,True,C,Southampton,no,False,2.1902777777777778
1,1,female,21.0,2,2,262.375,C,First,woman,False,B,Cherbourg,yes,False,12.494047619047619
0,3,male,24.0,1,0,16.1,S,Third,man,True,C,Southampton,no,False,0.6708333333333334
1,3,male,31.0,0,0,7.925,S,Third,man,True,C,Southampton,yes,True,0.25564516129032255
0,1,male,70.0,1,1,71.0,S,First,man,True,B,Southampton,no,False,1.0142857142857142
0,3,male,16.0,1,1,20.25,S,Third,man,True,C,Southampton,no,False,1.265625
1,2,female,30.0,0,0,13.0,S,Second,woman,False,C,Southampton,yes,True,0.43333333333333335
0,1,male,19.0,1,0,53.1,S,First,man,True,D,Southampton,no,False,2.794736842105263
0,3,male,31.0,0,0,7.75,Q,Third,man,True,C,Queenstown,no,True,0.25
1,2,female,4.0,1,1,23.0,S,Second,child,False,C,Southampton,yes,False,5.75
1,3,male,6.0,0,1,12.475,S,Third,child,False,E,Southampton,yes,False,2.0791666666666666
0,3,male,33.0,0,0,9.5,S,Third,man,True,C,Southampton,no,True,0.2878787878787879
0,3,male,23.0,0,0,7.8958,S,Third,man,True,C,Southampton,no,True,0.34329565217391306
1,2,female,48.0,1,2,65.0,S,Second,woman,False,C,Southampton,yes,False,1.3541666666666667
1,2,male,0.67,1,1,14.5,S,Second,child,False,C,Southampton,yes,False,21.641791044776117
0,3,male,28.0,0,0,7.7958,S,Third,man,True,C,Southampton,no,True,0.27842142857142854
1,1,female,33.0,0,0,86.5,S,First,woman,False,B,Southampton,yes,True,2.621212121212121
0,3,male,41.0,0,0,7.125,S,Third,man,True,C,Southampton,no,True,0.17378048780487804
1,3,male,20.0,0,0,7.2292,C,Third,man,True,C,Cherbourg,yes,True,0.36146
1,1,female,36.0,1,2,120.0,S,First,woman,False,B,Southampton,yes,False,3.3333333333333335
0,3,male,16.0,0,0,7.775,S,Third,man,True,C,Southampton,no,True,0.4859375
1,1,female,51.0,1,0,77.9583,S,First,woman,False,D,Southampton,yes,False,1.5285941176470588
0,1,male,28.0,0,0,39.6,C,First,man,True,C,Cherbourg,no,True,2.4542053009493117
0,3,female,30.5,0,0,7.75,Q,Third,woman,False,C,Queenstown,no,True,0.2540983606557377
0,3,male,28.0,1,0,24.15,Q,Third,man,True,C,Queenstown,no,False,2.4542053009493117
0,3,male,32.0,0,0,8.3625,S,Third,man,True,C,Southampton,no,True,0.261328125
0,3,male,24.0,0,0,9.5,S,Third,man,True,C,Southampton,no,True,0.3958333333333333
0,3,male,48.0,0,0,7.8542,S,Third,man,True,C,Southampton,no,True,0.16362916666666666
0,2,female,57.0,0,0,10.5,S,Second,woman,False,E,Southampton,no,True,0.18421052631578946
1,2,female,54.0,1,3,23.0,S,Second,woman,False,C,Southampton,yes,False,0.42592592592592593
0,3,male,18.0,0,0,7.75,S,Third,man,True,C,Southampton,no,True,0.4305555555555556
0,3,male,28.0,0,0,7.75,Q,Third,man,True,F,Queenstown,no,True,2.4542053009493117
1,3,female,5.0,0,0,12.475,S,Third,child,False,C,Southampton,yes,True,2.495
0,3,male,28.0,0,0,7.7375,Q,Third,man,True,C,Queenstown,no,True,2.4542053009493117
1,1,female,43.0,0,1,211.3375,S,First,woman,False,B,Southampton,yes,False,4.914825581395349
1,3,female,13.0,0,0,7.2292,C,Third,child,False,C,Cherbourg,yes,True,0.5560923076923077
1,1,female,17.0,1,0,57.0,S,First,woman,False,B,Southampton,yes,False,3.3529411764705883
0,1,male,29.0,0,0,30.0,S,First,man,True,D,Southampton,no,True,1.0344827586206897
0,3,male,28.0,1,2,23.45,S,Third,man,True,C,Southampton,no,False,2.4542053009493117
0,3,male,25.0,0,0,7.05,S,Third,man,True,C,Southampton,no,True,0.282
0,3,male,25.0,0,0,7.25,S,Third,man,True,C,Southampton,no,True,0.29
1,3,female,18.0,0,0,7.4958,S,Third,woman,False,C,Southampton,yes,True,0.4164333333333333
0,3,male,8.0,4,1,29.125,Q,Third,child,False,C,Queenstown,no,False,3.640625
1,3,male,1.0,1,2,20.575,S,Third,child,False,C,Southampton,yes,False,20.575
0,1,male,46.0,0,0,79.2,C,First,man,True,B,Cherbourg,no,True,1.7217391304347827
0,2,male,16.0,0,0,26.0,S,Second,man,True,C,Southampton,no,True,1.625
0,1,male,28.0,0,0,30.6958,C,First,man,True,C,Cherbourg,no,True,2.4542053009493117
0,3,male,25.0,0,0,7.8958,S,Third,man,True,C,Southampton,no,True,0.315832
0,2,male,39.0,0,0,13.0,S,Second,man,True,C,Southampton,no,True,0.3333333333333333
1,1,female,49.0,0,0,25.9292,S,First,woman,False,D,Southampton,yes,True,0.5291673469387755
1,3,female,31.0,0,0,8.6833,S,Third,woman,False,C,Southampton,yes,True,0.2801064516129032
0,3,male,30.0,0,0,7.2292,C,Third,man,True,C,Cherbourg,no,True,0.24097333333333332
0,3,female,30.0,1,1,24.15,S,Third,woman,False,C,Southampton,no,False,0.8049999999999999
1,2,female,31.0,1,1,26.25,S,Second,woman,False,C,Southampton,yes,False,0.8467741935483871
1,1,male,11.0,1,2,120.0,S,First,child,False,B,Southampton,yes,False,10.909090909090908
1,3,male,0.42,0,1,8.5167,C,Third,child,False,C,Cherbourg,yes,False,20.277857142857144
1,3,male,27.0,0,0,6.975,S,Third,man,True,C,Southampton,yes,True,0.2583333333333333
0,3,male,31.0,0,0,7.775,S,Third,man,True,C,Southampton,no,True,0.2508064516129032
0,1,male,39.0,0,0,0.0,S,First,man,True,A,Southampton,no,True,0.0
0,3,female,18.0,0,0,7.775,S,Third,woman,False,C,Southampton,no,True,0.43194444444444446
1,1,female,33.0,1,0,53.1,S,First,woman,False,E,Southampton,yes,False,1.6090909090909091
0,3,male,26.0,0,0,7.8875,S,Third,man,True,C,Southampton,no,True,0.30336538461538465
0,3,male,39.0,0,0,24.15,S,Third,man,True,C,Southampton,no,True,0.6192307692307691
0,2,male,35.0,0,0,10.5,S,Second,man,True,C,Southampton,no,True,0.3
0,3,female,6.0,4,2,31.275,S,Third,child,False,C,Southampton,no,False,5.2124999999999995
0,3,male,30.5,0,0,8.05,S,Third,man,True,C,Southampton,no,True,0.26393442622950825
0,1,male,28.0,0,0,0.0,S,First,man,True,B,Southampton,no,True,2.4542053009493117
0,3,female,23.0,0,0,7.925,S,Third,woman,False,C,Southampton,no,True,0.34456521739130436
0,2,male,31.0,1,1,37.0042,C,Second,man,True,C,Cherbourg,no,False,1.1936838709677418
0,3,male,43.0,0,0,6.45,S,Third,man,True,C,Southampton,no,True,0.15
0,3,male,10.0,3,2,27.9,S,Third,child,False,C,Southampton,no,False,2.79
1,1,female,52.0,1,1,93.5,S,First,woman,False,B,Southampton,yes,False,1.7980769230769231
1,3,male,27.0,0,0,8.6625,S,Third,man,True,C,Southampton,yes,True,0.3208333333333333
0,1,male,38.0,0,0,0.0,S,First,man,True,C,Southampton,no,True,0.0
1,3,female,27.0,0,1,12.475,S,Third,woman,False,E,Southampton,yes,False,0.462037037037037
0,3,male,2.0,4,1,39.6875,S,Third,child,False,C,Southampton,no,False,19.84375
0,3,male,28.0,0,0,6.95,Q,Third,man,True,C,Queenstown,no,True,2.4542053009493117
0,3,male,28.0,0,0,56.4958,S,Third,man,True,C,Southampton,no,True,2.4542053009493117
1,2,male,1.0,0,2,37.0042,C,Second,child,False,C,Cherbourg,yes,False,37.0042
1,3,male,28.0,0,0,7.75,Q,Third,man,True,C,Queenstown,yes,True,2.4542053009493117
1,1,female,62.0,0,0,80.0,S,First,woman,False,B,Southampton,yes,True,1.2903225806451613
1,3,female,15.0,1,0,14.4542,C,Third,child,False,C,Cherbourg,yes,False,0.9636133333333333
1,2,male,0.83,1,1,18.75,S,Second,child,False,C,Southampton,yes,False,22.590361445783135
0,3,male,23.0,0,0,7.8542,S,Third,man,True,C,Southampton,no,True,0.3414869565217391
0,3,male,18.0,0,0,8.3,S,Third,man,True,C,Southampton,no,True,0.46111111111111114
1,1,female,39.0,1,1,83.1583,C,First,woman,False,E,Cherbourg,yes,False,2.1322641025641027
0,3,male,21.0,0,0,8.6625,S,Third,man,True,C,Southampton,no,True,0.4125
1,1,male,28.0,0,0,29.7,C,First,man,True,C,Cherbourg,yes,True,2.4542053009493117
0,3,male,20.0,0,0,7.925,S,Third,man,True,C,Southampton,no,True,0.39625
0,2,male,16.0,0,0,10.5,S,Second,man,True,C,Southampton,no,True,0.65625
1,1,female,30.0,0,0,31.0,C,First,woman,False,C,Cherbourg,yes,True,1.0333333333333334
0,3,male,34.5,0,0,6.4375,C,Third,man,True,C,Cherbourg,no,True,0.18659420289855072
0,3,male,42.0,0,0,7.55,S,Third,man,True,C,Southampton,no,True,0.17976190476190476
0,3,male,35.0,0,0,7.8958,C,Third,man,True,C,Cherbourg,no,True,0.22559428571428572
0,2,male,28.0,0,1,33.0,S,Second,man,True,C,Southampton,no,False,1.1785714285714286
1,1,female,28.0,1,0,89.1042,C,First,woman,False,C,Cherbourg,yes,False,2.4542053009493117
0,3,male,4.0,4,2,31.275,S,Third,child,False,C,Southampton,no,False,7.81875
0,3,male,74.0,0,0,7.775,S,Third,man,True,C,Southampton,no,True,0.10506756756756758
0,3,female,9.0,1,1,15.2458,C,Third,child,False,C,Cherbourg,no,False,1.6939777777777776
1,1,female,16.0,0,1,39.4,S,First,woman,False,D,Southampton,yes,False,2.4625
0,2,female,44.0,1,0,26.0,S,Second,woman,False,C,Southampton,no,False,0.5909090909090909
1,3,female,18.0,0,1,9.35,S,Third,woman,False,C,Southampton,yes,False,0.5194444444444444
1,1,female,45.0,1,1,164.8667,S,First,woman,False,C,Southampton,yes,False,3.6637044444444444
1,1,male,51.0,0,0,26.55,S,First,man,True,E,Southampton,yes,True,0.5205882352941177
1,3,female,24.0,0,3,19.2583,C,Third,woman,False,C,Cherbourg,yes,False,0.8024291666666666
0,3,male,41.0,2,0,14.1083,S,Third,man,True,C,Southampton,no,False,0.3441048780487805
0,2,male,21.0,1,0,11.5,S,Second,man,True,C,Southampton,no,False,0.5476190476190477
1,1,female,48.0,0,0,25.9292,S,First,woman,False,D,Southampton,yes,True,0.5401916666666667
0,2,male,24.0,0,0,13.0,S,Second,man,True,C,Southampton,no,True,0.5416666666666666
1,2,female,42.0,0,0,13.0,S,Second,woman,False,C,Southampton,yes,True,0.30952380952380953
1,2,female,27.0,1,0,13.8583,C,Second,woman,False,C,Cherbourg,yes,False,0.5132703703703704
0,1,male,31.0,0,0,50.4958,S,First,man,True,A,Southampton,no,True,1.6288967741935485
0,3,male,28.0,0,0,9.5,S,Third,man,True,C,Southampton,no,True,2.4542053009493117
1,3,male,4.0,1,1,11.1333,S,Third,child,False,C,Southampton,yes,False,2.783325
1,1,female,47.0,1,1,52.5542,S,First,woman,False,D,Southampton,yes,False,1.1181744680851065
0,1,male,33.0,0,0,5.0,S,First,man,True,B,Southampton,no,True,0.15151515151515152
0,3,male,47.0,0,0,9.0,S,Third,man,True,C,Southampton,no,True,0.19148936170212766
1,2,female,28.0,1,0,24.0,C,Second,woman,False,C,Cherbourg,yes,False,0.8571428571428571
1,3,female,15.0,0,0,7.225,C,Third,child,False,C,Cherbourg,yes,True,0.48166666666666663
0,3,male,20.0,0,0,9.8458,S,Third,man,True,C,Southampton,no,True,0.49229
1,1,female,56.0,0,1,83.1583,C,First,woman,False,C,Cherbourg,yes,False,1.4849696428571428
1,2,female,25.0,0,1,26.0,S,Second,woman,False,C,Southampton,yes,False,1.04
0,3,male,33.0,0,0,7.8958,S,Third,man,True,C,Southampton,no,True,0.23926666666666668
0,3,female,22.0,0,0,10.5167,S,Third,woman,False,C,Southampton,no,True,0.47803181818181817
0,2,male,28.0,0,0,10.5,S,Second,man,True,C,Southampton,no,True,0.375
0,3,female,39.0,0,5,29.125,Q,Third,woman,False,C,Queenstown,no,False,0.7467948717948718
1,1,female,19.0,0,0,30.0,S,First,woman,False,B,Southampton,yes,True,1.5789473684210527
0,3,female,28.0,1,2,23.45,S,Third,woman,False,C,Southampton,no,False,2.4542053009493117
1,1,male,26.0,0,0,30.0,C,First,man,True,C,Cherbourg,yes,True,1.1538461538461537
0,3,male,32.0,0,0,7.75,Q,Third,man,True,C,Queenstown,no,True,0.2421875
